#{"t_start": 1716347235.295946, "env_id": "manipulator_mujoco/UR5eEnv-v2"}
r,l,t
-21.284918,1,1.507498
-16.749138,4,1.854587
-187.745622,131,11.225763
-16.780117,4,11.58582
-22.528347,1,11.722485
-12.787211,9,12.443557
-25.652413,4,12.798692
11.408102,126,21.809559
-13.587424,8,22.441559
-231.50759,110,30.424991
-27.586447,3,30.71549
1.149345,26,32.69049
-86.24734,46,36.151489
-39.214053,15,37.278989
-19.201787,1,37.414488
-29.868692,7,37.978988
-21.284881,1,38.115488
-16.755088,4,38.458992
-51.987934,23,40.149491
-90.271032,28,42.196596
-22.822924,2,42.401599
-16.763852,4,42.750096
-12.814731,9,43.455096
-19.193255,1,43.601096
-27.452008,17,44.958099
-49.663213,32,47.374596
-45.257104,18,48.781096
-11.934454,10,49.607095
-10.703907,35,52.319595
-30.11359,4,52.668595
-16.762433,4,53.019095
13.383365,215,68.791097
-59.181287,27,70.861594
-122.170266,98,78.160093
-15.147135,6,78.649093
-15.132337,6,79.147093
-28.491916,6,79.632093
-18.402252,2,79.838097
-40.716656,16,81.036093
5.60513,32,83.382593
-11.920181,10,84.206093
-56.088632,26,86.184093
-22.567401,2,86.393593
-13.550823,8,87.052592
-28.972529,7,87.627593
-25.666395,4,87.989593
-161.775084,60,92.531592
-22.835745,2,92.741592
-27.087235,5,93.175592
-86.13401,66,98.120595
-52.780345,13,99.139592
-93.5748,101,106.704095
-44.216011,19,108.171091
-2.139438,22,109.871591
-158.041472,236,127.83559
-133.062772,410,158.074588
-25.628296,4,158.422587
-154.808319,333,182.983585
-12.012813,10,183.759585
-40.936078,15,184.906085
6.008552,76,190.584584
-15.15992,6,191.124584
-21.285148,1,191.261584
-57.530471,79,197.100584
-267.649008,500,234.265082
-18.403991,2,234.467081
-101.614044,175,247.10358
-40.226867,8,247.74258
-318.108695,399,276.882078
-24.252891,3,277.162078
-4.180639,19,278.656078
26.390276,36,281.344578
-239.80896,160,292.959577
-9.981303,15,294.114577
-7.281956,26,296.124577
-5.40965,18,297.489577
-50.313037,12,298.417576
-32.710495,9,299.148576
-21.418066,1,299.286077
387.84462,255,317.886075
-23.76601,189,331.703074
-78.851974,500,368.609571
-14.245347,7,369.172571
-22.528411,1,369.308072
99.692524,161,381.114571
-96.759632,105,388.67257
-15.156981,6,389.19007
214.174372,260,408.077068
-21.418391,1,408.221068
-62.850484,30,410.514068
-145.188318,130,420.236567
-60.171305,29,422.461067
-25.055983,2,422.667068
208.626684,181,435.837566
-58.481056,28,437.923566
-67.554917,48,441.479566
-23.85483,3,441.779566
-49.456449,21,443.407066
27.068138,64,448.268065
-16.817209,9,449.004065
-39.541817,15,450.187066
-15.102185,6,450.694565
-19.202058,1,450.829566
-86.894093,58,455.136065
-65.186382,207,470.666064
16.227621,103,478.193563
-76.034109,41,481.200063
-44.100554,22,482.872063
-30.112497,4,483.225563
-13.980733,10,484.051563
-22.836372,2,484.306563
-32.638623,5,484.764563
-197.519433,255,503.186061
92.643536,51,506.981561
6.360806,41,510.045561
-1.947731,39,512.884561
-70.793435,52,516.70506
-83.263848,292,538.095059
26.59468,42,541.190059
-21.417364,1,541.329559
-40.227221,8,541.987059
190.07349,90,548.730558
-77.205005,64,553.330559
-22.832026,2,553.540558
-27.718102,6,554.050058
-86.81046,62,558.703557
-12.587829,9,559.427557
-45.216081,18,560.799557
-30.113378,4,561.160558
-6.85768,47,564.678557
-15.212859,6,565.125057
-16.773773,4,565.473057
-30.113696,4,565.846557
-32.64082,5,566.270057
-38.162308,14,567.351557
-30.942169,18,568.766557
-16.798093,4,569.136056
-16.020514,5,569.586057
-31.291406,8,570.316056
-46.665557,19,571.843056
-191.515876,136,582.417056
49.280604,45,585.787055
-52.822272,13,586.860555
-166.832687,133,596.516055
-40.730757,16,597.820554
-286.017382,198,612.464053
176.801787,157,623.895553
-16.786292,4,624.264053
-25.098519,36,626.879052
-19.202196,1,627.013552
-21.284962,1,627.149552
-60.87405,40,630.092052
-27.585449,3,630.369552
-28.370304,84,636.559052
-88.603495,27,638.535051
-27.592074,3,638.814551
-44.22533,47,642.382551
-17.576232,3,642.664051
-7.894109,20,644.184551
-28.483798,150,655.253551
-12.813072,9,655.96305
-95.667342,30,658.21705
-52.692992,24,660.06205
-140.253903,155,671.274549
-28.478142,6,671.772049
-156.662788,161,683.554548
-27.584376,3,683.838548
-100.769933,73,689.578548
268.703177,121,698.427047
-35.165572,6,698.926047
-32.645682,5,699.349047
-19.165661,43,702.582547
-45.225399,10,703.387547
-155.640895,190,717.332546
434.195988,194,731.392045
-11.790846,10,732.181044
-80.280183,24,733.972044
-36.907311,13,734.974045
-30.115307,4,735.323045
-54.038375,25,737.218044
-30.112578,4,737.599044
-19.20169,1,737.733044
-19.192711,1,737.868544
62.438204,73,743.137543
-87.051447,89,749.636044
-19.192753,1,749.770543
-30.397632,304,771.916042
-28.463286,6,772.432542
67.619248,55,776.519541
-17.604821,3,776.798541
-37.695991,7,777.393041
-35.78444,35,780.087541
99.796675,39,783.00754
73.143639,133,792.72554
22.805978,103,800.419039
-55.205784,14,801.95854
-167.997328,347,827.123038
-15.982356,5,827.565538
-40.228188,8,828.209538
274.659324,120,836.998537
29.183821,46,840.408537
-49.646273,22,842.036036
-113.846922,99,849.328036
-103.909195,95,856.188035
5.731007,27,858.209035
-25.05636,2,858.419035
-15.903751,5,858.844035
-32.63851,5,859.267535
-18.594745,15,860.415035
126.565964,129,869.905036
-130.990413,45,873.215034
-42.817206,9,873.943534
-18.547122,305,896.092532
-40.232202,8,896.742532
-45.279633,10,897.527533
-37.688062,7,898.087032
90.975053,100,905.293532
81.997986,128,915.375531
-27.584886,3,915.646531
-15.134846,6,916.138031
-31.650887,85,922.34953
-25.056265,2,922.55703
-27.071696,5,922.98153
-35.152874,6,923.48353
289.044953,104,931.15353
95.908789,118,939.695029
402.98323,144,950.190529
-32.749669,9,950.914528
40.044372,81,956.799528
47.882219,127,966.019527
-57.988647,15,967.188027
-52.703028,13,968.182527
-0.963696,23,969.909527
-42.746957,9,970.652527
-42.756899,9,971.417527
-22.528445,1,971.554027
-71.166387,231,988.433026
-48.629347,79,994.228525
-22.914767,129,1003.698024
-226.599346,202,1018.503523
-19.201416,1,1018.668524
-37.693974,7,1019.258523
-120.645187,161,1031.634022
41.580692,80,1037.494522
-85.060039,52,1041.309022
-73.494447,48,1044.843021
-15.091476,6,1045.353522
170.141335,112,1053.596521
-45.32241,10,1054.391521
-21.418046,1,1054.54652
-22.528461,1,1054.684021
39.779898,60,1059.078521
-15.947491,5,1059.51052
202.25307,152,1070.55302
-22.826857,2,1070.778019
-55.414599,14,1071.848019
-26.421187,5,1072.29202
-27.585079,3,1072.575519
-67.246224,59,1076.984019
-35.155447,6,1077.471019
135.638161,194,1091.487518
48.458723,106,1099.165017
3.435999,24,1100.963017
-0.75138,23,1102.731518
-9.8195,15,1103.909017
-24.752295,139,1114.096016
413.784839,96,1121.160516
-32.636328,5,1121.580015
-2.584954,21,1123.176515
-31.521122,9,1123.886016
-71.859957,61,1128.412515
-92.190379,141,1138.694515
-35.168534,6,1139.183014
-22.528426,1,1139.318515
-30.113339,4,1139.665015
-37.696947,7,1140.227014
-25.056804,2,1140.432014
-19.201527,1,1140.566514
-35.369094,12,1141.534514
-22.528378,1,1141.667015
-15.902555,5,1142.086514
-32.641673,5,1142.516514
-9.768643,137,1153.127514
-7.487715,289,1174.188012
223.536208,155,1185.466511
-90.067235,99,1192.75001
-30.117923,4,1193.097011
270.094982,129,1202.44551
0.595215,197,1216.908009
78.209673,104,1224.585508
-30.114854,4,1224.951508
-2.448715,74,1230.599508
-89.781559,103,1238.217507
0.854098,28,1240.310507
87.194183,114,1248.735507
-66.455845,138,1259.149506
300.568707,95,1266.166505
-19.193198,1,1266.302005
-30.591003,112,1274.394505
-81.125856,168,1286.771004
-2.455833,21,1288.376003
-40.227121,8,1289.029504
311.389871,262,1308.067502
275.502321,196,1322.481001
126.278975,40,1325.533501
-22.528475,1,1325.669501
-36.841425,13,1326.661
40.755035,38,1329.4935
-35.168953,6,1330.0365
66.484159,127,1339.4155
33.584697,160,1351.190499
11.823491,154,1362.490498
-21.418161,1,1362.627498
-7.353824,102,1370.918997
137.738263,135,1380.785997
-66.335812,34,1383.357497
2.039832,152,1394.437996
98.540927,209,1409.798494
-30.108921,4,1410.152494
-30.115937,4,1410.502995
-86.010858,181,1423.614494
82.125701,177,1436.534492
-127.041169,118,1445.283492
-12.717265,9,1445.955992
-14.001883,15,1447.101492
-12.826971,9,1447.841991
-37.633613,238,1465.362991
162.998038,142,1475.743489
58.389058,100,1483.112489
110.576406,95,1490.692489
68.042437,81,1496.591488
-34.445688,51,1500.401988
-10.093632,12,1501.313988
-62.917694,32,1503.702988
-34.954239,59,1508.046987
278.994671,179,1521.249486
588.878541,164,1533.154485
-103.997228,128,1542.509985
226.636254,283,1563.328483
-5.731931,247,1581.488482
29.633449,37,1584.266481
-91.528374,92,1591.098481
153.198829,77,1596.708981
-22.52841,1,1597.331481
-30.113015,4,1597.687481
-30.116699,4,1598.045481
108.936321,171,1610.378979
235.676577,182,1623.541479
-128.779339,388,1652.006477
335.220059,163,1663.964476
-38.265651,39,1666.881476
-36.199656,103,1674.499975
-19.201292,1,1674.635475
-39.471728,14,1675.722975
329.110651,262,1694.875473
315.06123,172,1707.710973
324.785954,118,1716.787972
-33.83009,10,1717.568472
-45.292225,10,1718.368471
-22.528394,1,1718.506472
-69.424784,60,1722.946471
50.647146,99,1730.077471
71.594183,84,1736.34547
-22.571134,2,1736.55947
-22.52841,1,1736.704971
-66.796699,61,1741.20397
-27.585102,3,1741.50447
-91.425682,173,1754.045969
-16.804513,4,1754.404969
-42.765492,9,1755.134969
-58.718107,42,1758.309469
-35.148958,6,1758.821969
-25.055747,2,1759.052969
-41.466873,216,1774.661467
161.745593,119,1783.446467
-14.320965,33,1785.950467
-78.143698,48,1789.553967
-33.234545,34,1792.211466
26.473064,110,1800.371466
-19.157206,152,1811.387965
-41.759533,107,1819.226964
439.752618,192,1833.457963
-27.585375,3,1833.736964
-52.815316,13,1834.727963
-23.850983,3,1835.009463
-82.857935,53,1838.907463
-50.34565,31,1841.178463
191.469295,194,1855.342962
215.943332,174,1867.951461
-21.284725,1,1868.08596
122.197867,97,1875.16646
-62.433722,148,1886.00996
-54.052037,41,1889.050459
84.258107,154,1900.285459
-135.880381,93,1907.140958
-56.26873,38,1910.001957
174.337226,234,1927.204456
107.414449,90,1933.900956
-27.123696,37,1936.704456
205.093294,85,1943.431955
0.811177,99,1950.758954
-18.403151,2,1950.967955
17.884288,75,1956.444454
-30.116618,4,1956.810454
-47.819369,11,1957.678954
-70.983162,59,1962.103954
207.737477,182,1975.435952
-30.10984,4,1975.787952
-21.998089,101,1983.233452
96.482945,82,1989.168952
-19.201176,1,1989.305952
-22.555555,2,1989.514951
-18.583958,54,1993.526451
136.956125,91,2000.138951
67.469176,37,2002.832451
10.014217,37,2005.662451
-11.77528,10,2006.48645
-27.713597,6,2006.99395
-26.399837,5,2007.47295
-27.586123,3,2007.76395
-30.113397,4,2008.13245
77.442733,39,2011.08845
468.306326,177,2024.358449
19.399534,107,2032.248448
342.100184,115,2040.638448
-63.338526,32,2043.097448
66.030368,91,2049.885448
-22.528314,1,2050.029947
-86.583027,57,2054.817947
112.748284,131,2064.717446
-25.057058,2,2064.934946
104.468985,110,2073.028945
-30.892944,18,2074.421945
222.707511,113,2082.817945
-149.372183,121,2091.694944
205.638942,202,2106.563943
-25.003557,168,2119.074942
-30.116439,4,2119.434442
-37.705575,7,2120.020443
-192.282576,175,2133.123941
-15.154975,6,2133.630441
-122.294738,267,2153.442585
-40.238972,8,2154.10994
528.490296,187,2168.407439
-78.442108,61,2172.939938
46.42382,147,2183.645937
-40.238534,8,2184.279438
-36.147811,20,2185.837937
14.696114,44,2189.172437
-19.193171,1,2189.308437
132.049536,89,2196.043937
174.884264,149,2206.910936
66.251288,61,2211.495935
111.289951,113,2219.671435
-27.584809,3,2219.950935
-75.768239,41,2223.166435
1048.254289,289,2244.335933
-74.470157,41,2247.403933
-15.976251,5,2247.836933
-80.91076,124,2257.023932
-29.010326,7,2257.610432
-25.056979,2,2257.821432
-27.585063,3,2258.133932
-25.057051,2,2258.337432
-21.285407,1,2258.473932
217.939472,126,2267.785431
-1.844442,23,2269.612931
180.11341,126,2278.94343
-5.222424,195,2293.521929
81.028801,146,2304.132928
-91.537629,133,2313.835428
-40.177405,57,2317.939927
476.999214,129,2327.309927
290.743059,66,2332.108926
-45.529109,35,2334.672426
-12.693976,9,2335.388926
-25.057151,2,2335.596926
-32.642053,5,2336.015926
-11.124264,11,2336.878926
191.279135,72,2342.120426
134.169379,237,2359.309924
29.881535,58,2363.548924
-89.682404,114,2371.829923
88.290939,117,2380.368923
728.467104,234,2397.712922
-37.699345,7,2398.285921
-56.731422,187,2411.77292
-55.632932,26,2413.70742
-76.830846,182,2427.024419
-30.113497,4,2427.37342
174.749575,152,2438.421918
-25.05638,2,2438.630919
-57.590623,40,2441.612919
-27.585591,3,2441.898918
-15.976919,5,2442.318918
320.526699,172,2454.814918
156.857458,291,2475.948916
-10.884259,37,2478.676416
-22.528422,1,2478.820416
-186.043091,276,2498.826914
101.59042,244,2516.987413
341.972499,126,2526.147912
221.106274,252,2544.493411
-268.48097,300,2566.235409
145.247232,185,2579.852908
617.107927,207,2594.904407
-40.232128,8,2595.550907
-60.975868,37,2598.298907
509.495565,242,2615.904905
-37.704372,7,2616.476905
-42.76386,9,2617.205405
34.321488,122,2626.602904
-42.792509,9,2627.309904
231.183946,96,2634.248404
359.642081,171,2646.680403
-32.645144,5,2647.103903
-19.20196,1,2647.240403
-41.58058,37,2650.022403
84.895971,58,2654.274903
22.180308,47,2657.749402
-25.056621,2,2657.949903
-14.210005,54,2661.873902
274.129118,500,2698.105399
-51.821078,23,2699.827899
249.072384,119,2708.456899
215.179049,187,2722.105398
-27.593196,3,2722.388398
192.575219,52,2726.211397
85.093938,57,2730.352397
-60.498353,16,2732.080897
-34.904092,21,2733.617397
122.210242,113,2741.920396
152.469909,104,2749.425896
-22.568651,2,2749.631895
24.395411,50,2753.304395
45.796059,87,2759.680895
-30.047078,60,2764.141395
300.255235,229,2780.814893
241.391163,107,2788.545893
3.755236,29,2790.720892
-12.210825,50,2794.342893
157.412415,89,2800.726892
110.903694,76,2806.382391
-0.177929,24,2808.170891
3.285712,32,2810.522391
289.820349,94,2817.34189
207.368988,117,2825.83939
261.006061,159,2837.411389
-6.881096,24,2839.203389
-27.585804,3,2839.482889
12.749412,59,2843.806888
195.953397,88,2850.828388
512.815169,140,2860.943887
-32.652389,5,2861.368887
34.974948,77,2867.095824
-12.660367,9,2867.814824
-29.723306,88,2874.383323
-17.604238,3,2874.668824
-66.282066,43,2877.706823
-6.755015,186,2891.384822
281.976191,93,2898.107322
52.171289,62,2902.717321
767.631526,179,2915.68882
53.248137,60,2920.10032
-50.695091,39,2922.99532
279.221268,111,2931.092819
-35.178968,6,2931.591319
314.842174,132,2941.216318
610.830037,261,2960.564317
76.068599,67,2965.557816
-30.116502,4,2965.918316
-120.266215,108,2973.767816
-135.258366,344,2998.936314
956.023458,164,3010.797313
-40.231941,8,3011.448313
-1.831154,22,3013.132813
-14.33349,7,3013.708813
30.472291,95,3020.653813
-22.528341,1,3020.789312
66.644052,44,3024.054812
-47.834777,11,3024.909812
-47.218501,20,3026.429812
28.594032,116,3034.876311
48.197662,91,3041.533811
-104.306168,103,3049.08231
64.293096,38,3051.90331
-207.124503,186,3065.558809
754.187337,287,3086.862307
106.539606,81,3092.798807
4.823322,26,3094.727307
226.870278,105,3102.491306
-21.654493,62,3107.076306
91.828134,71,3112.307306
1.689154,27,3114.288806
-31.512254,9,3115.000805
-32.643067,5,3115.429806
-58.017326,15,3116.569805
131.747799,95,3123.439305
47.981281,91,3130.122804
34.456328,146,3140.720304
1.163469,118,3149.173303
229.368584,228,3165.686301
291.159829,165,3177.759301
-57.99478,15,3178.910801
419.175274,103,3186.906801
151.874393,113,3195.0283
46.645259,54,3198.971799
97.230857,88,3205.488799
200.161281,82,3211.491298
-47.922256,74,3216.969298
87.969189,70,3222.104298
-47.86325,11,3223.025297
87.700752,61,3227.410797
-51.170628,24,3229.227297
-58.007641,15,3230.372297
-24.365266,5,3230.797297
-40.25082,8,3231.440797
28.188566,68,3236.368797
137.639517,49,3240.082296
202.920957,163,3252.001296
-26.619326,15,3253.143295
-27.585592,3,3253.424795
-25.05738,2,3253.639295
61.543628,61,3258.194795
394.031376,261,3277.322293
250.691805,125,3286.424793
266.066564,95,3293.390292
-37.715621,7,3293.986792
1.484676,195,3308.585291
-52.72111,13,3309.581791
-17.602737,3,3309.864791
80.842675,53,3313.838291
15.557038,47,3317.272791
165.826246,55,3321.25479
34.581559,32,3323.67579
-42.087899,179,3336.737289
-25.057031,2,3336.966789
152.444917,150,3347.601788
-60.48557,16,3348.811288
-35.19176,78,3354.578288
-27.585386,3,3354.856288
20.987938,190,3368.828787
522.643679,187,3382.501286
-55.355333,14,3383.598786
176.932608,40,3386.446286
22.976456,49,3390.052785
-83.128612,104,3397.642785
-116.17339,160,3409.400284
44.684888,48,3413.434284
44.127035,43,3416.637283
1.874332,27,3418.733783
-25.05657,2,3418.938783
2.899023,61,3423.387283
-22.5284,1,3423.523782
-49.148859,21,3425.158282
18.327695,40,3428.142783
-39.028944,14,3429.213282
116.691051,55,3433.303282
-20.478571,10,3434.082782
-22.528409,1,3434.217282
250.200456,94,3441.107281
446.142157,156,3452.435781
-62.106232,31,3454.75228
48.156285,87,3461.11378
-35.168835,6,3461.60828
7.530392,56,3465.73328
7.680456,50,3469.400779
-22.569997,2,3469.606279
143.372473,68,3474.602779
119.99314,38,3477.433779
-35.16964,6,3477.944279
-19.201651,1,3478.079279
112.092405,51,3481.853279
156.489709,89,3488.359278
-12.724932,67,3493.300278
166.439074,86,3499.675277
-1.384534,23,3501.440777
-28.986865,7,3502.009777
-152.801048,97,3509.032276
15.562804,57,3513.242276
-30.114371,4,3513.594276
68.198389,83,3519.684776
111.522481,61,3524.696775
96.334803,74,3530.047275
-25.057433,2,3530.257774
-37.731894,7,3530.828275
147.971495,75,3536.299274
-32.641499,5,3536.737274
133.164514,93,3543.552274
240.930552,75,3549.133274
2.001148,57,3553.345273
-18.373808,2,3553.551273
12.83385,25,3555.418773
-19.20181,1,3555.553773
5.913434,47,3559.074772
34.370454,105,3566.695272
199.616396,64,3571.371772
-12.825849,55,3575.358772
-12.472534,41,3578.409271
140.377698,133,3588.14277
-55.453135,14,3589.21327
-10.058009,12,3590.13677
-40.499737,120,3598.89377
86.647332,43,3602.063269
82.607123,65,3606.868269
-18.40279,2,3607.077269
174.747782,63,3611.676769
-30.83481,10,3612.455769
-27.189306,25,3614.335268
104.913943,47,3617.791268
-35.168362,6,3618.294268
588.484575,141,3628.634767
-37.702974,7,3629.205768
-13.568089,8,3629.852268
135.88418,49,3633.449767
-45.287049,10,3634.238267
-27.58477,3,3634.529267
-27.587263,3,3634.810267
-33.561633,17,3636.156267
-28.835009,7,3636.724767
-83.785376,111,3645.366766
143.410898,86,3651.624766
-139.430227,84,3657.828265
127.696196,237,3675.203264
-57.280695,50,3678.883764
-27.584725,3,3679.160264
-58.848302,102,3686.619763
-25.056902,2,3686.822263
136.427665,212,3702.164262
288.243138,115,3710.605761
19.002236,30,3712.879261
-37.770655,7,3713.464761
-139.211293,86,3719.844261
2.224344,230,3736.63876
-35.191269,6,3737.135759
517.160551,297,3759.217758
86.040702,55,3763.258758
177.009687,103,3770.727757
239.716285,74,3776.170756
-4.48103,19,3777.608256
-127.875379,68,3782.630756
112.267071,40,3785.625756
724.357276,145,3796.245255
-12.804659,24,3798.062255
29.799259,28,3800.152755
-27.143439,17,3801.426755
83.492728,54,3805.372254
578.432551,210,3820.659253
514.079823,201,3835.310252
55.411927,90,3841.866752
-16.761104,4,3842.220752
-29.301955,12,3843.166752
-40.220128,8,3843.805751
-47.855197,11,3844.682251
-29.006926,7,3845.264752
250.445601,68,3850.293251
-22.560265,2,3850.497751
339.284522,240,3868.22575
-20.159957,10,3869.01075
-130.141479,63,3873.62225
-25.057878,2,3873.834249
31.390965,68,3878.896249
-47.878491,11,3879.760749
123.844199,47,3883.299249
843.516378,205,3898.298248
-65.295207,18,3899.684747
78.98849,78,3905.374247
-47.791202,11,3906.217747
-18.720919,36,3908.833247
35.376809,41,3911.905747
222.902808,130,3921.358246
1064.191505,341,3946.149744
796.15858,274,3966.183742
13.160768,106,3973.900242
196.573697,94,3981.116241
53.331238,37,3983.863241
5.093597,62,3988.353741
-27.586064,3,3988.639241
150.584891,88,3995.03774
-93.797815,67,4000.03124
30.764576,90,4006.58324
-24.229636,3,4006.86224
-55.501113,14,4007.93374
165.773165,76,4013.466239
-77.206359,64,4018.236739
29.056754,43,4021.333238
-16.761595,4,4021.700738
-45.252715,10,4022.523238
-21.418265,1,4022.660239
173.378909,182,4035.807237
-73.377335,43,4038.987737
39.88024,117,4047.571237
-116.217087,61,4052.062736
-45.287918,10,4052.837736
13.354721,51,4056.580236
-94.230523,275,4076.822234
102.666258,54,4080.804234
-63.629562,61,4085.286234
164.647104,401,4114.655232
-55.556431,14,4115.728231
183.386693,82,4121.709731
-34.610507,80,4127.621731
-121.021243,71,4132.822771
-18.384249,2,4133.02723
577.031837,127,4142.12973
-7.246845,72,4147.484229
13.94134,56,4151.587229
208.976987,500,4187.937726
-30.813951,20,4189.473226
-118.936057,72,4194.778725
36.155918,38,4197.581725
792.101279,168,4210.239224
82.833809,41,4213.227224
368.213755,258,4232.023223
-107.50387,82,4237.983223
116.383115,149,4248.795222
98.653899,52,4252.563721
355.215814,224,4268.98522
-16.792402,4,4269.33472
24.596448,40,4272.30222
421.190518,128,4281.626219
282.465581,103,4289.214219
-65.733234,18,4290.583719
-21.285006,1,4290.719718
95.216261,49,4294.322218
97.4173,45,4297.664218
120.315918,81,4303.695218
-22.52843,1,4303.831718
269.859785,99,4311.026217
-40.315467,8,4311.674717
241.868259,167,4324.296716
-60.482489,16,4325.518716
-30.118482,4,4325.883216
9.011363,63,4330.481715
108.581135,69,4335.584715
243.166496,136,4345.504715
-164.375756,500,4381.758712
33.174225,36,4384.423212
203.558541,103,4392.038711
78.174624,72,4397.374711
-47.755706,11,4398.22471
133.506437,62,4402.751711
-22.52842,1,4402.88971
-22.528289,1,4403.02821
-19.201609,1,4403.16371
214.512768,85,4409.45371
-45.262402,10,4410.23671
-20.225879,129,4419.650709
308.346885,162,4431.962208
361.671889,155,4443.220707
-42.930035,9,4443.967207
-135.574656,68,4448.904207
-16.810895,4,4449.253207
384.374939,101,4456.650707
-14.010574,15,4457.788206
49.313793,68,4462.816706
250.869891,177,4475.696705
958.887917,281,4495.950203
1683.679007,500,4532.578201
-11.958264,10,4533.362701
42.424199,65,4538.1472
-18.883198,78,4544.3077
156.437027,133,4553.939199
-121.841762,85,4560.199199
132.702825,104,4567.731198
-55.525437,14,4568.801198
84.528834,99,4576.008698
-57.991069,15,4577.152197
542.926782,105,4584.794697
18.063976,28,4586.890697
236.962998,205,4601.729696
147.170395,58,4606.015196
4.227831,122,4614.851695
82.468142,49,4618.432194
490.431549,227,4634.987693
-54.989254,35,4637.552193
650.599137,241,4655.614192
-153.220127,81,4661.468691
-30.127181,4,4661.822691
-17.573106,3,4662.101691
-132.555691,72,4667.365691
173.456871,85,4673.63619
88.665304,83,4679.72569
-21.635913,74,4685.09119
-15.017314,24,4686.88219
-50.411914,12,4687.811189
-22.570072,2,4688.021689
-141.454038,65,4692.840189
364.924592,70,4697.923688
48.18154,43,4701.111188
87.834432,77,4706.687688
425.659814,245,4724.532187
83.205912,107,4732.403687
-78.460616,23,4734.148186
95.953935,39,4737.076686
476.784278,143,4747.498185
352.286385,75,4753.017684
139.608663,47,4756.508684
136.91227,109,4764.435184
-26.701701,39,4767.318184
-53.069003,13,4768.896183
153.743608,97,4775.793183
63.905029,120,4784.508182
475.243681,116,4792.969682
299.520891,134,4802.795681
385.536989,189,4816.47018
-91.059177,60,4820.80868
336.94355,65,4825.618179
-17.034021,60,4830.082679
-128.522623,78,4835.810678
248.476454,211,4851.367177
-73.538382,21,4852.993177
-45.917161,34,4855.524177
172.66231,93,4862.415177
152.221672,113,4870.710675
69.783515,101,4878.099675
-63.535175,64,4883.281175
131.811054,79,4889.024674
147.41749,106,4896.778174
23.514481,76,4902.382174
-76.026747,22,4904.039673
-40.454315,27,4906.063673
410.31917,186,4919.604672
830.750702,140,4929.658671
512.531894,165,4941.732671
758.077052,278,4961.977669
128.273512,59,4966.328169
391.066771,160,4978.213668
479.112291,146,4988.835667
-118.608171,60,4993.790667
-23.056491,125,5002.670166
-22.528461,1,5002.813166
-31.353821,48,5006.408666
-60.359322,16,5007.616165
-87.286761,56,5011.716165
-65.324028,18,5013.079665
-122.436648,69,5018.175665
-45.075388,49,5021.779165
110.262281,218,5037.654163
-48.06714,23,5039.332163
156.404126,157,5050.576662
-10.10263,39,5053.484162
115.034291,118,5062.138662
-32.656276,5,5062.564662
0.633266,49,5066.165661
-113.836284,57,5070.401661
-56.294593,56,5074.516161
-20.27673,76,5080.15166
-63.194414,17,5081.44966
-15.216183,11,5082.31816
58.115843,51,5086.08216
2.210683,47,5089.580159
-76.004381,22,5091.25416
-124.997776,71,5096.491159
144.419649,129,5105.935158
29.75676,26,5108.401158
-21.285056,1,5108.534658
426.712598,210,5123.758157
16.201977,51,5127.521157
-26.382026,5,5127.949157
258.194787,79,5133.731156
-60.546827,16,5134.966156
-121.996411,61,5139.471156
-5.903612,17,5140.793656
-41.495236,23,5142.524156
298.39282,92,5149.188655
14.368906,50,5152.842655
15.700875,77,5158.430655
-139.016216,62,5162.936654
-63.768447,36,5165.620654
782.582768,176,5178.420153
260.586378,109,5186.501152
-52.801689,13,5187.501652
289.04506,117,5196.115152
25.13945,103,5203.688151
-55.385652,14,5204.753651
-111.422197,57,5208.965151
6.207034,42,5212.059651
-36.99184,24,5213.85915
-31.244817,118,5222.96715
760.735787,500,5259.145647
1193.733024,351,5284.583645
-47.871098,11,5285.446645
384.976376,195,5299.742644
253.860649,110,5307.927644
1187.195702,422,5339.173141
574.988804,173,5351.683141
831.154,196,5366.033139
-57.835745,15,5367.212639
53.313576,48,5370.835139
-72.102649,95,5377.742138
-132.892093,65,5382.587138
-65.68984,18,5383.936638
127.035941,43,5387.049138
233.410052,93,5393.836137
74.551673,70,5398.934137
131.94045,80,5404.848136
-27.685029,6,5405.342136
0.027888,19,5406.708136
90.209033,87,5413.193136
207.617059,86,5419.492136
178.868773,128,5428.687634
-52.581011,37,5431.494134
-131.678965,76,5437.096634
323.901275,137,5447.527633
497.69337,212,5463.024632
484.144992,167,5475.170631
1160.400344,208,5490.21813
2163.047986,500,5526.388627
-23.844255,3,5526.668127
421.325964,247,5544.729626
628.093181,128,5554.085625
30.987272,73,5560.018125
-19.201607,1,5560.152125
-58.128427,15,5561.290625
103.855603,144,5571.726124
1442.236375,281,5592.096122
949.987898,327,5615.909121
250.984623,217,5631.546619
242.468797,189,5645.372119
274.425758,70,5650.554118
71.526575,39,5653.447118
53.703388,119,5662.162117
-38.195545,65,5666.939617
483.233464,139,5677.558116
568.786717,227,5694.201615
2.393853,27,5696.227115
-65.182189,18,5697.609615
-14.274872,49,5701.191114
24.514081,29,5703.399114
380.543279,329,5726.961112
291.290156,248,5744.928111
-104.511551,53,5748.770611
227.924036,203,5763.64261
249.727932,165,5775.785609
-111.837679,59,5780.134609
-13.533856,8,5780.794608
418.299389,151,5792.098108
77.917856,136,5802.062107
293.105262,83,5808.136606
3.086933,36,5810.828606
-103.285364,61,5815.304106
714.850329,242,5833.081604
-122.827223,60,5837.460104
-18.21333,28,5839.523104
81.233131,164,5851.457603
504.519035,383,5879.249101
346.180073,283,5900.5396
-17.975086,51,5904.357099
41.263225,35,5907.079599
99.895177,128,5916.394598
774.141308,143,5926.937598
982.851845,201,5941.482597
497.389276,186,5955.066096
1168.632891,358,5981.186094
97.662255,36,5983.768094
122.478852,56,5987.818093
-47.982109,11,5988.676093
-19.455562,14,5989.786593
377.192608,136,5999.764592
585.34885,168,6012.620091
-2.115094,37,6015.351592
-10.29079,40,6018.353091
-25.652788,4,6018.702091
113.947638,59,6023.016091
11.12278,48,6026.570091
128.083106,106,6034.39109
1.492736,31,6036.67209
-96.441815,57,6040.836589
296.480202,156,6052.224089
-13.719574,13,6053.244088
-111.631608,57,6057.492088
740.585173,170,6069.895587
280.198638,54,6073.877587
-91.775047,57,6078.053087
-35.015731,16,6079.270586
-58.065114,15,6080.417587
-27.664084,6,6080.913587
137.203973,79,6086.754086
18.434929,27,6088.819586
86.104949,44,6092.114085
25.175805,28,6094.226085
-13.61546,13,6095.244085
503.542895,157,6106.555585
181.828495,103,6114.125084
124.663347,65,6118.891084
11.120654,33,6121.385083
48.553281,41,6125.030083
-126.433507,73,6130.372083
71.956304,53,6134.336082
-14.532288,43,6137.507582
638.805578,94,6144.419082
-123.187783,58,6148.728581
-50.296643,23,6150.468581
-73.296118,21,6152.064581
183.229937,97,6159.139081
859.350479,224,6175.336079
343.948404,129,6184.843079
683.017799,101,6192.269578
-107.984756,63,6196.941078
570.259211,113,6205.308077
518.734302,120,6214.080576
101.841604,50,6217.738576
274.834004,55,6221.765076
-130.136179,51,6225.536576
7.577119,50,6229.172076
-12.798163,40,6232.131575
118.575308,118,6241.095074
531.875543,140,6251.338574
-80.932668,24,6253.122574
129.262209,77,6258.757073
-124.107104,64,6263.519073
275.54884,151,6274.595572
-32.866075,10,6275.383072
-4.024507,50,6279.049072
192.827012,86,6285.402072
123.815599,92,6292.069571
-19.192695,1,6292.201571
174.787351,54,6296.15707
191.719243,250,6314.336069
194.063049,90,6320.991569
1256.033372,451,6354.009566
170.739761,49,6357.657566
89.435671,164,6369.639565
113.589798,95,6376.585065
24.356579,62,6381.169564
541.595289,104,6388.859564
658.437325,160,6400.345563
-96.825062,46,6403.701063
-10.538555,12,6404.634063
720.33672,211,6420.012062
717.25087,223,6436.28056
72.928984,86,6442.63906
32.962272,73,6448.001059
39.933418,51,6451.685559
149.723801,500,6488.317056
136.529979,85,6494.536556
302.872473,90,6501.194055
348.204561,113,6509.430054
929.582754,500,6545.596552
32.783704,56,6549.739052
40.485262,44,6553.017551
146.639701,98,6560.156551
16.50946,63,6564.836051
808.361037,417,6595.501048
-142.189244,70,6600.647548
426.058285,97,6607.845547
-58.214377,15,6609.004047
364.455239,93,6615.835547
289.776087,88,6622.148046
1485.529121,288,6642.932045
-136.295195,276,6663.021544
-60.555852,16,6664.269543
-53.594134,81,6670.373043
596.350724,280,6690.989042
229.879009,170,6703.39204
180.149826,50,6707.12004
-49.991668,33,6709.53804
-45.347781,10,6710.34154
-10.650439,38,6713.20654
13.017549,123,6722.285539
1171.970431,417,6752.413037
-254.036984,280,6772.909035
78.600598,34,6775.406535
-110.421807,65,6780.237035
-8.445138,37,6782.962534
188.333113,126,6792.177534
-88.803186,27,6794.195534
787.750261,133,6804.118033
40.227545,128,6813.388032
172.020545,97,6820.586532
1719.516045,500,6856.791029
1007.395942,223,6873.023528
257.294695,62,6877.633527
428.534309,120,6886.420527
-22.550674,2,6886.623527
377.271031,177,6899.365526
-12.945881,19,6900.836026
-117.432622,62,6905.389526
77.165473,113,6913.992025
-25.35249,20,6915.492025
619.835093,325,6939.084523
-116.768993,63,6943.786022
1697.191047,463,6977.371521
186.70045,63,6982.01352
-40.34038,34,6984.55302
273.211144,58,6988.873519
338.88229,132,6998.511019
447.386321,132,7008.252018
-19.445544,11,7009.109018
254.456687,88,7015.580517
125.44516,79,7021.381517
-26.082963,21,7023.240017
659.891635,241,7040.663015
486.300979,83,7046.740015
-16.080072,15,7047.901015
-101.138038,61,7052.446515
-55.630631,14,7053.554515
1012.616592,283,7074.120013
479.031443,122,7083.033512
-104.123758,54,7087.034012
244.955387,162,7098.845511
-58.165788,15,7099.993511
-60.777833,16,7101.247011
-19.530575,37,7104.017511
414.446858,116,7112.54701
647.873918,416,7142.951008
406.195906,138,7152.958507
-49.672735,44,7156.138007
-121.298384,53,7160.075506
48.377022,36,7162.761506
-58.157516,15,7163.911006
174.250446,53,7167.884506
180.723192,50,7171.575506
-98.898377,50,7175.329005
-15.062656,6,7175.846006
418.076723,144,7186.246005
162.772567,79,7191.935004
34.891029,46,7195.319004
-113.838079,64,7200.036004
-30.223117,8,7200.691004
317.152015,127,7210.116503
168.920554,103,7217.676003
-60.744581,16,7218.912002
108.028745,72,7224.165502
366.610912,149,7234.975501
1970.60615,500,7271.810499
781.298064,157,7283.179498
-263.399088,256,7301.751497
1504.032842,500,7338.032493
-8.828238,34,7340.553493
989.324703,312,7363.652492
-114.871409,70,7368.853991
-3.53877,23,7370.575491
105.057363,75,7376.070491
1260.945079,267,7395.411489
1018.368751,207,7410.489988
32.965055,43,7413.640488
278.046384,57,7417.848988
239.18835,99,7425.079487
-104.138264,53,7429.094987
275.462317,69,7434.174987
463.010291,118,7442.806986
399.4341,135,7452.697485
93.901745,31,7454.934485
138.527726,60,7459.328985
-118.577778,63,7463.925484
629.826183,163,7476.201983
38.248422,57,7480.367483
21.674106,31,7482.683983
815.139473,161,7494.475482
561.114728,92,7501.262481
417.232032,152,7512.268981
1416.089803,343,7537.076978
-63.301357,17,7538.439979
-110.711129,53,7542.364478
-22.609501,20,7543.872478
656.667951,135,7553.728478
16.096587,24,7555.527478
-117.300659,68,7560.570977
12.129207,24,7562.356977
974.60491,302,7584.526975
21.042012,38,7587.845475
-110.205578,57,7592.029975
397.741275,158,7603.576974
-70.820524,20,7605.108474
-11.81281,74,7610.509973
-11.149382,11,7611.386474
310.633309,60,7615.725973
124.216497,43,7618.917473
131.567213,69,7623.927973
-48.646789,21,7625.479472
-21.285531,1,7625.613972
496.635951,101,7632.922971
-15.171683,6,7633.411472
-45.350965,10,7634.184972
-8.542241,22,7635.825471
-97.741161,62,7640.333471
154.521828,90,7646.935471
399.435497,80,7652.85497
321.37208,110,7660.91547
-106.631945,59,7665.32147
-111.395096,58,7669.614469
472.815368,99,7676.798468
-98.31797,31,7679.122468
-105.133424,42,7682.202468
256.123954,56,7686.358968
-60.676816,16,7687.563968
93.665472,30,7689.742467
253.682637,85,7695.953467
721.365246,166,7708.448466
1.991269,27,7710.492966
24.493328,47,7713.960966
-0.624061,31,7716.290466
-37.963604,14,7717.373466
1992.54399,500,7753.526463
48.069588,80,7759.454462
-18.382104,2,7759.664962
12.190014,22,7761.326462
107.657438,153,7772.449962
-19.193013,1,7772.585461
44.635038,62,7777.113961
-112.064588,66,7782.033961
2191.038314,479,7816.965958
-27.649445,6,7817.469958
1485.217319,291,7838.796457
919.099064,228,7855.441955
564.579954,105,7862.976955
372.403875,90,7869.474954
-63.411191,17,7870.769454
621.611404,122,7879.657453
438.804886,135,7889.519953
-92.010671,56,7893.674453
338.591106,124,7902.671452
-19.230734,104,7910.398451
63.808925,62,7914.945951
-100.120097,53,7918.93395
-34.298747,16,7920.17345
-10.336359,12,7921.089951
27.709422,49,7925.17745
-119.709008,66,7930.00895
69.154415,49,7933.607949
1591.551141,384,7961.653948
1872.414427,500,7997.821945
1378.96264,370,8024.781443
-60.695564,16,8026.015943
159.304254,55,8030.073442
-53.14683,13,8031.085442
-53.062233,13,8032.098442
701.164365,183,8045.781941
22.017647,81,8051.794441
1501.825125,319,8075.015439
2385.261999,500,8111.148436
742.475174,322,8134.573935
171.013794,91,8141.321934
1151.463939,244,8159.345933
-21.28503,1,8159.482933
948.636257,500,8195.79293
161.198795,83,8201.74543
-52.971646,13,8202.73493
879.500957,142,8213.208429
127.684622,59,8217.505929
402.484421,183,8230.902928
127.184895,46,8234.253428
-58.110305,15,8235.411427
2976.034409,492,8271.574425
96.974392,44,8274.828424
-108.433284,55,8278.871424
1800.455852,355,8304.749922
-50.456271,12,8305.678922
1551.210416,377,8333.01642
111.487963,52,8336.92042
344.380344,406,8366.537918
238.27435,92,8373.289917
2777.684243,500,8410.109915
831.962715,220,8425.992413
1.886954,27,8428.040913
2463.719063,384,8455.986411
1457.995187,323,8479.571909
8.174022,47,8482.976909
111.305413,64,8488.240409
-65.862424,18,8489.576909
452.203068,155,8500.801408
2412.58677,500,8537.075405
2674.809359,500,8573.393903
-242.576986,213,8589.055401
342.01519,116,8597.466901
2825.211444,465,8631.735898
-125.865848,67,8636.654397
-18.403131,2,8636.860398
386.473823,72,8642.128397
-76.161161,22,8643.799897
-134.512188,83,8649.898897
56.793554,39,8652.670397
-53.061926,13,8653.668396
-5.937077,17,8654.951396
204.09391,38,8657.746396
342.46884,135,8667.679396
301.2001,120,8676.401895
1819.254374,279,8696.673393
-139.395092,70,8701.790393
137.663439,40,8704.753892
3293.376389,500,8742.18089
28.750341,40,8745.24839
452.764902,98,8752.585389
616.716645,105,8760.397389
265.209128,51,8764.138888
708.747638,101,8771.611888
-9.996319,12,8772.532888
1881.92142,301,8794.849386
1959.316613,500,8831.762883
110.920013,118,8840.690383
475.205231,128,8850.107882
764.2891,184,8863.757881
84.826597,89,8870.512881
941.202343,217,8886.417379
135.813648,75,8892.037379
38.845451,45,8895.483379
839.093707,143,8905.994878
-63.221188,17,8907.318877
-47.836346,11,8908.172378
705.582771,113,8916.587377
722.884658,153,8927.802876
846.106866,139,8937.963876
405.09643,248,8956.540874
237.570978,69,8961.648874
-26.962169,7,8962.235874
2558.221703,500,8999.021871
2157.222729,480,9034.630868
514.599449,140,9044.847867
54.087898,32,9047.228867
161.113901,39,9050.075867
9.634456,51,9054.384867
-53.053726,13,9055.364867
-60.599964,16,9056.564367
3413.76935,500,9093.957864
40.357772,37,9096.762363
-67.980124,19,9098.306864
172.826123,96,9105.393363
118.930374,95,9112.382363
136.490397,81,9118.437862
1413.595233,306,9140.97786
5.349414,31,9143.30136
77.248084,36,9146.06086
3351.781228,500,9182.908357
-50.453894,12,9183.837857
3272.324089,480,9219.267354
220.921272,100,9226.634354
783.799117,155,9238.309853
283.692618,47,9242.062353
215.333238,48,9245.664353
2288.758041,500,9283.08985
-0.989085,23,9284.77285
-106.415736,58,9289.082349
264.496044,168,9301.773849
74.986598,55,9305.943848
1752.657035,230,9322.958847
-25.13754,20,9324.516347
126.895893,37,9327.271847
53.998406,51,9331.101846
226.607297,40,9333.987846
1265.319289,202,9348.922846
-52.895164,13,9349.976845
8.525807,25,9351.918345
-7.215989,16,9353.157345
5159.773312,500,9390.328342
985.401764,136,9400.731341
60.955258,33,9403.202841
-45.35253,10,9403.986841
245.331034,69,9409.11834
1717.314905,500,9446.002338
65.916947,126,9455.141337
-60.507102,16,9456.428337
1129.138325,374,9483.780335
1078.91437,500,9520.722832
722.099041,153,9531.861331
-113.417552,62,9536.490831
6.089091,32,9538.871331
2402.12869,500,9575.450328
11.159181,18,9576.820828
400.806489,60,9581.327828
-113.799167,53,9585.406328
-47.85741,11,9586.272328
102.938179,72,9591.704327
751.506973,101,9599.244827
868.89485,117,9608.003826
416.865511,143,9618.464325
244.943302,91,9625.701825
-26.526561,13,9626.689324
1179.80537,234,9644.020323
2383.920058,416,9674.854821
131.287352,82,9680.82282
1962.419098,309,9703.818819
414.461168,98,9711.149818
272.74692,101,9718.704318
564.587336,158,9730.289817
793.497485,105,9738.123316
79.086803,71,9756.434815
2594.14614,379,9785.172813
-16.422338,34,9787.856313
2235.702681,335,9813.380311
1450.107866,387,9842.898309
458.210306,102,9850.666808
964.597382,229,9868.145807
3465.215435,500,9906.505804
-73.392621,21,9908.208803
2338.94154,500,9945.978745
2675.003704,500,9983.467741
-27.58679,3,9983.801242
-146.216149,89,9991.297741
-58.154476,15,9992.539241
3519.704119,500,10029.852738
-213.432537,83,10036.312238
508.82592,159,10048.34374
-121.619329,40,10051.504237
2925.18386,500,10088.924734
1534.023787,170,10102.543233
392.477053,121,10111.619733
506.428539,137,10121.976731
3203.937076,500,10159.960729
-136.499513,46,10163.545232
-428.777985,500,10201.271226
4460.432032,500,10239.287723
-73.311379,21,10240.960723
-185.131607,109,10249.163222
-70.794182,20,10250.785222
49.293124,45,10254.344722
3495.221454,500,10291.969223
-78.433397,23,10293.795718
-7.40259,18,10295.240719
-181.568962,84,10301.686718
105.923485,79,10307.734218
291.331171,175,10320.877216
-155.192752,72,10326.394217
834.160495,204,10342.243216
4117.790741,500,10379.955713
223.448898,137,10390.377212
-150.421276,76,10396.242211
716.397697,211,10412.08921
2727.105751,377,10440.572208
2617.77347,500,10478.542205
2167.270573,414,10509.824203
3328.463203,500,10547.6412
3910.292875,500,10585.751697
187.394016,53,10589.836197
512.084312,168,10602.598696
1356.49783,359,10629.521194
4157.037203,500,10667.288691
4123.219413,500,10705.449188
-18.385195,2,10705.703689
3885.571025,500,10743.322685
-139.206182,61,10747.974185
654.297462,165,10760.526685
1329.497614,199,10775.613683
-68.168549,19,10777.130183
394.527631,81,10783.304183
2937.445552,497,10821.06418
942.386322,251,10840.089179
2897.242162,448,10873.406676
955.471481,231,10890.952675
2378.208636,395,10921.166672
-7.142893,16,10922.451172
3211.594539,421,10954.14917
661.67012,203,10969.417169
-169.304268,60,10974.099669
-57.981467,15,10975.324668
3633.443955,475,11010.970165
83.33038,45,11014.434665
-75.728419,22,11016.192166
88.221071,48,11019.904166
1844.400921,202,11035.818164
1890.043584,301,11058.513662
334.579687,81,11064.639162
-24.905283,23,11066.472661
-146.813042,60,11071.194661
-27.586509,3,11071.522162
1393.839722,176,11084.75316
1465.246422,205,11100.443159
381.436373,93,11107.683659
5224.115026,500,11145.909657
2385.911632,492,11183.714153
-47.755879,11,11184.605153
-52.880833,13,11185.638153
529.229085,89,11192.210652
-40.258061,8,11192.858152
2113.404099,361,11219.66415
34.389406,42,11228.89815
3108.548643,365,11256.347648
-65.590421,18,11257.810647
638.125435,177,11271.209146
-57.974169,15,11272.441147
671.243335,102,11280.853146
-57.950419,15,11282.112646
-60.532904,16,11283.432646
65.797544,45,11286.981145
362.828721,164,11299.599644
194.021804,106,11307.536644
-60.51609,16,11308.823644
5084.150945,500,11346.645141
671.071853,500,11384.658138
78.848854,84,11391.000638
1520.593368,306,11414.853636
65.209011,39,11417.867136
-63.042942,17,11419.239636
1345.11201,255,11438.651134
344.128823,117,11447.557133
4398.570322,500,11485.454131
2134.758838,277,11506.621629
2255.930777,330,11532.267627
115.362693,59,11536.810627
3839.816327,500,11574.815624
2377.33597,399,11604.989122
544.627105,126,11614.562121
3918.515145,500,11653.178118
4792.64611,500,11691.197616
821.38667,98,11698.801615
3567.361081,478,11735.462612
711.454366,123,11745.435111
-57.976534,15,11746.637611
2607.411186,344,11772.584609
-0.982543,23,11774.442609
-60.480328,16,11775.864109
1856.518595,305,11799.036108
361.896482,155,11810.931606
3584.871106,487,11847.818604
952.268311,438,11881.348602
-60.564914,16,11882.643101
2980.582236,498,11920.314818
-153.948767,57,11924.716318
-152.662137,70,11930.091318
3495.397301,500,11967.843315
3581.433802,500,12006.085313
578.108276,193,12020.450311
1982.261637,268,12040.608309
-52.914837,13,12041.691809
221.496896,112,12050.114309
296.60208,181,12063.723308
464.703471,135,12074.023307
3533.867926,500,12112.160804
4098.942579,500,12149.948801
1588.029741,173,12163.066301
668.083721,219,12179.571299
327.941746,98,12186.947799
-63.056394,17,12188.306798
1786.467164,407,12219.578296
579.210957,82,12225.788796
1593.212794,186,12239.942795
227.590361,79,12245.960794
241.375856,103,12253.728294
3280.552314,500,12291.289792
1256.074793,279,12312.349789
302.219063,78,12318.280789
-85.979897,26,12320.315789
229.660443,85,12326.708288
3354.443553,500,12364.908286
3991.605447,500,12402.291782
1364.894431,166,12414.954782
685.904248,150,12426.291781
4743.276898,467,12461.894278
2777.899901,500,12499.757776
3549.541939,500,12537.143773
475.536558,132,12547.087772
-73.364244,21,12548.742772
543.059439,176,12562.425271
684.28491,131,12572.356771
3443.82552,500,12609.965767
774.69173,145,12621.035267
3135.486463,500,12658.712264
-10.330567,12,12659.747264
-65.727942,18,12661.258264
1072.5592,173,12674.407263
1927.220346,366,12702.702761
556.19518,77,12708.655261
354.346468,87,12715.399759
1591.315516,173,12728.54476
-8.691271,14,12729.661759
-113.912352,54,12733.833258
1341.626432,286,12755.466756
578.574673,108,12763.692757
-122.299142,57,12768.163756
186.246973,71,12773.529755
1071.33065,139,12783.926754
635.316287,100,12791.603254
707.37534,142,12802.932752
809.497006,176,12816.335252
2753.483395,392,12845.78375
3427.238709,500,12883.558247
2790.181991,500,12921.305745
4927.668772,500,12958.960742
132.724895,51,12962.936242
2258.104856,500,13000.614739
-156.91403,56,13004.970738
1044.840873,202,13020.230237
940.415446,163,13033.157236
3002.729323,317,13057.187734
-38.789803,18,13058.645734
596.730195,121,13067.691234
1503.780802,217,13083.895733
3294.823795,493,13120.88323
57.210486,34,13123.548729
5305.73166,500,13161.845726
169.928954,74,13167.566226
794.804907,158,13179.648225
1715.798171,211,13195.404725
487.545399,105,13203.368224
228.751593,98,13210.846223
3518.743748,500,13248.64522
147.454906,70,13254.04172
4322.377665,500,13292.042217
5212.355603,500,13329.593214
2346.171646,277,13350.297713
1271.199199,157,13362.158712
696.305804,108,13370.379711
195.655364,99,13378.65271
-63.099302,17,13380.008711
3564.921815,500,13417.561208
4486.623582,500,13454.863705
4700.54322,500,13493.057703
3759.38966,500,13530.4407
-120.425881,51,13534.415199
3920.256741,491,13571.207197
3837.419542,500,13609.612193
413.82124,97,13616.891193
-151.960068,57,13621.291693
4701.214956,411,13652.107691
4541.145052,500,13689.630688
671.294233,133,13699.837187
5304.03909,500,13738.135184
1414.708552,162,13750.292683
1515.412102,279,13771.420682
4865.757771,500,13808.752178
2958.235691,500,13846.995677
235.357892,71,13852.487676
4808.717992,500,13890.158173
3872.833777,500,13927.85967
-65.730532,18,13929.31367
785.727044,336,13954.635668
5531.555742,500,13992.683666
1967.558166,199,14007.551165
1005.999136,133,14017.579163
-134.169815,55,14021.851664
3678.777283,500,14059.39416
469.821485,122,14068.68166
1333.165041,157,14081.217159
-118.025669,54,14085.287658
-30.519975,13,14086.362158
-25.967123,19,14087.904158
605.387952,152,14099.266658
300.048796,83,14105.655658
693.19877,87,14112.270157
-145.248866,53,14116.324157
-121.444763,54,14120.469656
841.913214,199,14135.358655
-33.827592,22,14137.102654
-19.29951,17,14138.492654
-80.928103,24,14140.437154
1209.62067,134,14150.624654
1698.307629,175,14163.915653
-70.823019,20,14165.543153
3598.103505,500,14203.68465
4367.30097,500,14240.861147
-19.192971,1,14241.043648
558.161673,93,14248.115146
3740.304701,500,14285.734644
1451.553446,174,14298.926143
-65.603434,18,14300.378643
-5.269878,18,14301.838143
-32.285433,16,14303.175142
-28.351242,24,14305.091642
-63.144094,17,14306.474642
-140.715625,55,14311.295142
-55.472843,14,14312.458141
98.618559,45,14315.926141
-122.432581,53,14320.036141
-121.587735,55,14324.25064
1371.976616,137,14334.65764
472.527426,109,14342.90014
516.806665,83,14349.230639
3212.43381,500,14386.634136
-52.962629,13,14387.749636
5920.038605,500,14425.959134
-133.708907,53,14430.261133
2935.271042,324,14454.741632
-145.13646,54,14458.982131
-60.552667,16,14460.333131
5805.140015,465,14495.467628
559.60513,128,14505.271127
1985.572774,253,14524.288626
-115.547195,52,14528.327626
6505.864337,500,14566.606623
-65.542985,18,14568.069623
4360.05139,395,14597.78162
406.08712,85,14604.38612
418.783458,110,14612.88712
606.810121,93,14620.070119
2450.812329,226,14637.193618
3126.204962,500,14675.424615
3810.443264,500,14713.010612
5326.240284,500,14750.924109
-149.996101,55,14755.184609
1121.917326,156,14766.957108
-122.721147,53,14771.070608
1226.121932,230,14789.147106
-34.060153,11,14790.109107
-129.517743,55,14794.259106
-127.271233,56,14798.652606
900.898789,121,14807.871105
3680.784688,370,14835.944149
-138.586096,52,14839.985148
4649.570749,447,14873.796646
6280.265906,500,14911.635643
3569.137832,500,14949.08714
-120.324966,54,14953.19764
2776.775751,500,14990.222137
2792.899144,500,15014.648135
5725.670869,500,15021.459135
-123.886649,55,15025.588635
2778.608723,500,15032.567134
5935.479084,500,15040.773133
5724.457205,500,15047.675133
2772.307882,500,15054.757633
5569.054111,500,15062.729632
-122.672271,54,15066.776132
2772.307882,500,15074.469132
